n_estimators,RMSE
10,0.140803662
20,0.135680841
30,0.134377516
40,0.133386249
50,0.132483182
100,0.131556353
