log_10(alpha),RMSE
-4,0.182799079
-3,0.182799077
-2,0.182799058
-1,0.182798868
0,0.182797325
1,0.182805623
2,0.183201633
3,0.188633749
4,0.229952938
